[{"model": "admin.logentry", "pk": 1, "fields": {"action_time": "2024-10-10T15:56:48.534Z", "user": 1, "content_type": 12, "object_id": "2", "object_repr": "user_1", "action_flag": 1, "change_message": "[{\"added\": {}}]"}}, {"model": "admin.logentry", "pk": 2, "fields": {"action_time": "2024-10-10T15:57:15.797Z", "user": 1, "content_type": 12, "object_id": "3", "object_repr": "user_2", "action_flag": 1, "change_message": "[{\"added\": {}}]"}}, {"model": "admin.logentry", "pk": 3, "fields": {"action_time": "2024-10-10T15:57:38.837Z", "user": 1, "content_type": 12, "object_id": "4", "object_repr": "user_3", "action_flag": 1, "change_message": "[{\"added\": {}}]"}}, {"model": "admin.logentry", "pk": 4, "fields": {"action_time": "2024-10-12T09:12:41.419Z", "user": 1, "content_type": 8, "object_id": "1", "object_repr": "2024-10-12 09:12:41.418060+00:00", "action_flag": 1, "change_message": "[{\"added\": {}}, {\"added\": {\"name\": \"ticket\", \"object\": \"Ticket object (1)\"}}]"}}, {"model": "admin.logentry", "pk": 5, "fields": {"action_time": "2024-10-12T09:12:57.642Z", "user": 1, "content_type": 8, "object_id": "2", "object_repr": "2024-10-12 09:12:57.627337+00:00", "action_flag": 1, "change_message": "[{\"added\": {}}, {\"added\": {\"name\": \"ticket\", \"object\": \"Ticket object (2)\"}}]"}}, {"model": "admin.logentry", "pk": 6, "fields": {"action_time": "2024-10-12T09:13:17.146Z", "user": 1, "content_type": 8, "object_id": "3", "object_repr": "2024-10-12 09:13:17.144968+00:00", "action_flag": 1, "change_message": "[{\"added\": {}}, {\"added\": {\"name\": \"ticket\", \"object\": \"Ticket object (3)\"}}]"}}, {"model": "admin.logentry", "pk": 7, "fields": {"action_time": "2024-10-12T09:13:29.848Z", "user": 1, "content_type": 8, "object_id": "4", "object_repr": "2024-10-12 09:13:29.832253+00:00", "action_flag": 1, "change_message": "[{\"added\": {}}, {\"added\": {\"name\": \"ticket\", \"object\": \"Ticket object (4)\"}}]"}}, {"model": "admin.logentry", "pk": 8, "fields": {"action_time": "2024-10-12T09:13:41.504Z", "user": 1, "content_type": 8, "object_id": "5", "object_repr": "2024-10-12 09:13:41.503379+00:00", "action_flag": 1, "change_message": "[{\"added\": {}}, {\"added\": {\"name\": \"ticket\", \"object\": \"Ticket object (5)\"}}]"}}, {"model": "admin.logentry", "pk": 9, "fields": {"action_time": "2024-10-13T08:16:35.206Z", "user": 1, "content_type": 8, "object_id": "6", "object_repr": "2024-10-13 08:16:35.195296+00:00", "action_flag": 1, "change_message": "[{\"added\": {}}, {\"added\": {\"name\": \"ticket\", \"object\": \"1 1 Journey Through the Universe 2024-10-10 18:00:00+00:00\"}}]"}}, {"model": "admin.logentry", "pk": 10, "fields": {"action_time": "2024-10-14T06:04:14.868Z", "user": 1, "content_type": 14, "object_id": "5", "object_repr": "b9b456836731167763145fcc3a37d5d67dca1ee4", "action_flag": 3, "change_message": ""}}, {"model": "admin.logentry", "pk": 11, "fields": {"action_time": "2024-10-14T06:04:25.741Z", "user": 1, "content_type": 14, "object_id": "1", "object_repr": "90e1683b8b9d71b6a8ad160a9440465bc4b7fcf6", "action_flag": 1, "change_message": "[{\"added\": {}}]"}}, {"model": "admin.logentry", "pk": 12, "fields": {"action_time": "2024-10-14T06:04:49.285Z", "user": 1, "content_type": 14, "object_id": "2", "object_repr": "5120a8fb064339aa356c647b8a7a9ebbbc6f6c7a", "action_flag": 1, "change_message": "[{\"added\": {}}]"}}, {"model": "admin.logentry", "pk": 13, "fields": {"action_time": "2024-10-14T09:51:22.004Z", "user": 1, "content_type": 12, "object_id": "6", "object_repr": "user_333@user.com", "action_flag": 3, "change_message": ""}}, {"model": "admin.logentry", "pk": 14, "fields": {"action_time": "2024-10-14T09:58:37.868Z", "user": 1, "content_type": 14, "object_id": "2", "object_repr": "5120a8fb064339aa356c647b8a7a9ebbbc6f6c7a", "action_flag": 3, "change_message": ""}}, {"model": "admin.logentry", "pk": 15, "fields": {"action_time": "2024-10-14T09:58:45.785Z", "user": 1, "content_type": 14, "object_id": "1", "object_repr": "90e1683b8b9d71b6a8ad160a9440465bc4b7fcf6", "action_flag": 3, "change_message": ""}}, {"model": "auth.permission", "pk": 1, "fields": {"name": "Can add log entry", "content_type": 1, "codename": "add_logentry"}}, {"model": "auth.permission", "pk": 2, "fields": {"name": "Can change log entry", "content_type": 1, "codename": "change_logentry"}}, {"model": "auth.permission", "pk": 3, "fields": {"name": "Can delete log entry", "content_type": 1, "codename": "delete_logentry"}}, {"model": "auth.permission", "pk": 4, "fields": {"name": "Can view log entry", "content_type": 1, "codename": "view_logentry"}}, {"model": "auth.permission", "pk": 5, "fields": {"name": "Can add permission", "content_type": 2, "codename": "add_permission"}}, {"model": "auth.permission", "pk": 6, "fields": {"name": "Can change permission", "content_type": 2, "codename": "change_permission"}}, {"model": "auth.permission", "pk": 7, "fields": {"name": "Can delete permission", "content_type": 2, "codename": "delete_permission"}}, {"model": "auth.permission", "pk": 8, "fields": {"name": "Can view permission", "content_type": 2, "codename": "view_permission"}}, {"model": "auth.permission", "pk": 9, "fields": {"name": "Can add group", "content_type": 3, "codename": "add_group"}}, {"model": "auth.permission", "pk": 10, "fields": {"name": "Can change group", "content_type": 3, "codename": "change_group"}}, {"model": "auth.permission", "pk": 11, "fields": {"name": "Can delete group", "content_type": 3, "codename": "delete_group"}}, {"model": "auth.permission", "pk": 12, "fields": {"name": "Can view group", "content_type": 3, "codename": "view_group"}}, {"model": "auth.permission", "pk": 13, "fields": {"name": "Can add content type", "content_type": 4, "codename": "add_contenttype"}}, {"model": "auth.permission", "pk": 14, "fields": {"name": "Can change content type", "content_type": 4, "codename": "change_contenttype"}}, {"model": "auth.permission", "pk": 15, "fields": {"name": "Can delete content type", "content_type": 4, "codename": "delete_contenttype"}}, {"model": "auth.permission", "pk": 16, "fields": {"name": "Can view content type", "content_type": 4, "codename": "view_contenttype"}}, {"model": "auth.permission", "pk": 17, "fields": {"name": "Can add session", "content_type": 5, "codename": "add_session"}}, {"model": "auth.permission", "pk": 18, "fields": {"name": "Can change session", "content_type": 5, "codename": "change_session"}}, {"model": "auth.permission", "pk": 19, "fields": {"name": "Can delete session", "content_type": 5, "codename": "delete_session"}}, {"model": "auth.permission", "pk": 20, "fields": {"name": "Can view session", "content_type": 5, "codename": "view_session"}}, {"model": "auth.permission", "pk": 21, "fields": {"name": "Can add astronomy show", "content_type": 6, "codename": "add_astronomyshow"}}, {"model": "auth.permission", "pk": 22, "fields": {"name": "Can change astronomy show", "content_type": 6, "codename": "change_astronomyshow"}}, {"model": "auth.permission", "pk": 23, "fields": {"name": "Can delete astronomy show", "content_type": 6, "codename": "delete_astronomyshow"}}, {"model": "auth.permission", "pk": 24, "fields": {"name": "Can view astronomy show", "content_type": 6, "codename": "view_astronomyshow"}}, {"model": "auth.permission", "pk": 25, "fields": {"name": "Can add planetarium dome", "content_type": 7, "codename": "add_planetariumdome"}}, {"model": "auth.permission", "pk": 26, "fields": {"name": "Can change planetarium dome", "content_type": 7, "codename": "change_planetariumdome"}}, {"model": "auth.permission", "pk": 27, "fields": {"name": "Can delete planetarium dome", "content_type": 7, "codename": "delete_planetariumdome"}}, {"model": "auth.permission", "pk": 28, "fields": {"name": "Can view planetarium dome", "content_type": 7, "codename": "view_planetariumdome"}}, {"model": "auth.permission", "pk": 29, "fields": {"name": "Can add reservation", "content_type": 8, "codename": "add_reservation"}}, {"model": "auth.permission", "pk": 30, "fields": {"name": "Can change reservation", "content_type": 8, "codename": "change_reservation"}}, {"model": "auth.permission", "pk": 31, "fields": {"name": "Can delete reservation", "content_type": 8, "codename": "delete_reservation"}}, {"model": "auth.permission", "pk": 32, "fields": {"name": "Can view reservation", "content_type": 8, "codename": "view_reservation"}}, {"model": "auth.permission", "pk": 33, "fields": {"name": "Can add show session", "content_type": 9, "codename": "add_showsession"}}, {"model": "auth.permission", "pk": 34, "fields": {"name": "Can change show session", "content_type": 9, "codename": "change_showsession"}}, {"model": "auth.permission", "pk": 35, "fields": {"name": "Can delete show session", "content_type": 9, "codename": "delete_showsession"}}, {"model": "auth.permission", "pk": 36, "fields": {"name": "Can view show session", "content_type": 9, "codename": "view_showsession"}}, {"model": "auth.permission", "pk": 37, "fields": {"name": "Can add show theme", "content_type": 10, "codename": "add_showtheme"}}, {"model": "auth.permission", "pk": 38, "fields": {"name": "Can change show theme", "content_type": 10, "codename": "change_showtheme"}}, {"model": "auth.permission", "pk": 39, "fields": {"name": "Can delete show theme", "content_type": 10, "codename": "delete_showtheme"}}, {"model": "auth.permission", "pk": 40, "fields": {"name": "Can view show theme", "content_type": 10, "codename": "view_showtheme"}}, {"model": "auth.permission", "pk": 41, "fields": {"name": "Can add ticket", "content_type": 11, "codename": "add_ticket"}}, {"model": "auth.permission", "pk": 42, "fields": {"name": "Can change ticket", "content_type": 11, "codename": "change_ticket"}}, {"model": "auth.permission", "pk": 43, "fields": {"name": "Can delete ticket", "content_type": 11, "codename": "delete_ticket"}}, {"model": "auth.permission", "pk": 44, "fields": {"name": "Can view ticket", "content_type": 11, "codename": "view_ticket"}}, {"model": "auth.permission", "pk": 45, "fields": {"name": "Can add user", "content_type": 12, "codename": "add_user"}}, {"model": "auth.permission", "pk": 46, "fields": {"name": "Can change user", "content_type": 12, "codename": "change_user"}}, {"model": "auth.permission", "pk": 47, "fields": {"name": "Can delete user", "content_type": 12, "codename": "delete_user"}}, {"model": "auth.permission", "pk": 48, "fields": {"name": "Can view user", "content_type": 12, "codename": "view_user"}}, {"model": "auth.permission", "pk": 49, "fields": {"name": "Can add Token", "content_type": 13, "codename": "add_token"}}, {"model": "auth.permission", "pk": 50, "fields": {"name": "Can change Token", "content_type": 13, "codename": "change_token"}}, {"model": "auth.permission", "pk": 51, "fields": {"name": "Can delete Token", "content_type": 13, "codename": "delete_token"}}, {"model": "auth.permission", "pk": 52, "fields": {"name": "Can view Token", "content_type": 13, "codename": "view_token"}}, {"model": "auth.permission", "pk": 53, "fields": {"name": "Can add Token", "content_type": 14, "codename": "add_tokenproxy"}}, {"model": "auth.permission", "pk": 54, "fields": {"name": "Can change Token", "content_type": 14, "codename": "change_tokenproxy"}}, {"model": "auth.permission", "pk": 55, "fields": {"name": "Can delete Token", "content_type": 14, "codename": "delete_tokenproxy"}}, {"model": "auth.permission", "pk": 56, "fields": {"name": "Can view Token", "content_type": 14, "codename": "view_tokenproxy"}}, {"model": "contenttypes.contenttype", "pk": 1, "fields": {"app_label": "admin", "model": "logentry"}}, {"model": "contenttypes.contenttype", "pk": 2, "fields": {"app_label": "auth", "model": "permission"}}, {"model": "contenttypes.contenttype", "pk": 3, "fields": {"app_label": "auth", "model": "group"}}, {"model": "contenttypes.contenttype", "pk": 4, "fields": {"app_label": "contenttypes", "model": "contenttype"}}, {"model": "contenttypes.contenttype", "pk": 5, "fields": {"app_label": "sessions", "model": "session"}}, {"model": "contenttypes.contenttype", "pk": 6, "fields": {"app_label": "planetarium", "model": "astronomyshow"}}, {"model": "contenttypes.contenttype", "pk": 7, "fields": {"app_label": "planetarium", "model": "planetariumdome"}}, {"model": "contenttypes.contenttype", "pk": 8, "fields": {"app_label": "planetarium", "model": "reservation"}}, {"model": "contenttypes.contenttype", "pk": 9, "fields": {"app_label": "planetarium", "model": "showsession"}}, {"model": "contenttypes.contenttype", "pk": 10, "fields": {"app_label": "planetarium", "model": "showtheme"}}, {"model": "contenttypes.contenttype", "pk": 11, "fields": {"app_label": "planetarium", "model": "ticket"}}, {"model": "contenttypes.contenttype", "pk": 12, "fields": {"app_label": "user", "model": "user"}}, {"model": "contenttypes.contenttype", "pk": 13, "fields": {"app_label": "authtoken", "model": "token"}}, {"model": "contenttypes.contenttype", "pk": 14, "fields": {"app_label": "authtoken", "model": "tokenproxy"}}, {"model": "sessions.session", "pk": "eg0rdihmksw6m2zmedi4mn7ta703jkdh", "fields": {"session_data": ".eJxVjDsOwjAQBe_iGln-fyjpcwZr117jAEqkOKkQdyeRUkD7Zt68WYJtbWnrtKSxsCuT7PK7IeQnTQcoD5juM8_ztC4j8kPhJ-18mAu9bqf7F2jQ2_6O4KzR6LJFCCJSjcaQraT2REShtZFOBwrCl-wJlQUZs1WiClQGyLPPF-hZN_0:1syvWJ:c5uSM0zf8s0u6jS1QOHCOPihp2PPX0qibugxpcikjg0", "expire_date": "2024-10-24T15:56:07.706Z"}}, {"model": "sessions.session", "pk": "k6era40mmb2yaytixaju6t91z51knryv", "fields": {"session_data": ".eJxVjDsOwjAQBe_iGln-fyjpcwZr117jAEqkOKkQdyeRUkD7Zt68WYJtbWnrtKSxsCuT7PK7IeQnTQcoD5juM8_ztC4j8kPhJ-18mAu9bqf7F2jQ2_6O4KzR6LJFCCJSjcaQraT2REShtZFOBwrCl-wJlQUZs1WiClQGyLPPF-hZN_0:1sytoz:b-OdAJPGxwHVubfD72fxb6SS6URI7WLIhg1bSC74eBo", "expire_date": "2024-10-24T14:07:17.469Z"}}, {"model": "planetarium.showtheme", "pk": 1, "fields": {"name": "Universe Exploration"}}, {"model": "planetarium.showtheme", "pk": 2, "fields": {"name": "Solar System"}}, {"model": "planetarium.showtheme", "pk": 3, "fields": {"name": "Black Holes"}}, {"model": "planetarium.showtheme", "pk": 4, "fields": {"name": "Stellar Evolution"}}, {"model": "planetarium.showtheme", "pk": 5, "fields": {"name": "Exoplanets"}}, {"model": "planetarium.astronomyshow", "pk": 1, "fields": {"title": "Journey Through the Universe", "description": "A detailed exploration of galaxies and the universe.", "show_theme": [1]}}, {"model": "planetarium.astronomyshow", "pk": 2, "fields": {"title": "The Solar System Adventure", "description": "A virtual tour through the solar system’s planets.", "show_theme": [2]}}, {"model": "planetarium.astronomyshow", "pk": 3, "fields": {"title": "Black Holes: Mysteries of the Dark", "description": "A deep dive into the science of black holes.", "show_theme": [3]}}, {"model": "planetarium.astronomyshow", "pk": 4, "fields": {"title": "The Life of Stars", "description": "A show explaining the birth and death of stars.", "show_theme": [4]}}, {"model": "planetarium.astronomyshow", "pk": 5, "fields": {"title": "Alien Worlds: Exploring Exoplanets", "description": "Discovering planets outside our solar system.", "show_theme": [5]}}, {"model": "planetarium.astronomyshow", "pk": 14, "fields": {"title": "The Universe and Beyond", "description": "Embark on an awe-inspiring journey through the vast expanse of space. Explore the wonders of the universe, from the birth of stars to the discovery of distant exoplanets. Learn how astronomers uncover the secrets of our cosmic neighborhood and beyond, venturing into the unknown realms of space exploration.", "show_theme": [5, 1]}}, {"model": "planetarium.planetariumdome", "pk": 1, "fields": {"name": "Orion Dome", "rows": 15, "seats_in_row": 20}}, {"model": "planetarium.planetariumdome", "pk": 2, "fields": {"name": "Milky Way Theater", "rows": 12, "seats_in_row": 25}}, {"model": "planetarium.planetariumdome", "pk": 3, "fields": {"name": "Andromeda Dome", "rows": 10, "seats_in_row": 30}}, {"model": "planetarium.planetariumdome", "pk": 4, "fields": {"name": "Cosmos Cinema", "rows": 18, "seats_in_row": 16}}, {"model": "planetarium.planetariumdome", "pk": 5, "fields": {"name": "Nebula Observatory", "rows": 14, "seats_in_row": 22}}, {"model": "planetarium.showsession", "pk": 1, "fields": {"astronomy_show": 1, "planetarium_dome": 1, "show_time": "2024-10-10T18:00:00Z"}}, {"model": "planetarium.showsession", "pk": 2, "fields": {"astronomy_show": 2, "planetarium_dome": 2, "show_time": "2024-10-11T16:00:00Z"}}, {"model": "planetarium.showsession", "pk": 3, "fields": {"astronomy_show": 3, "planetarium_dome": 3, "show_time": "2024-10-12T20:00:00Z"}}, {"model": "planetarium.showsession", "pk": 4, "fields": {"astronomy_show": 4, "planetarium_dome": 4, "show_time": "2024-10-13T15:00:00Z"}}, {"model": "planetarium.showsession", "pk": 5, "fields": {"astronomy_show": 5, "planetarium_dome": 5, "show_time": "2024-10-14T19:00:00Z"}}, {"model": "planetarium.reservation", "pk": 1, "fields": {"user": 2, "created_at": "2024-10-12T09:12:41.418Z"}}, {"model": "planetarium.reservation", "pk": 2, "fields": {"user": 3, "created_at": "2024-10-12T09:12:57.627Z"}}, {"model": "planetarium.reservation", "pk": 3, "fields": {"user": 4, "created_at": "2024-10-12T09:13:17.144Z"}}, {"model": "planetarium.reservation", "pk": 4, "fields": {"user": 2, "created_at": "2024-10-12T09:13:29.832Z"}}, {"model": "planetarium.reservation", "pk": 5, "fields": {"user": 3, "created_at": "2024-10-12T09:13:41.503Z"}}, {"model": "planetarium.reservation", "pk": 6, "fields": {"user": 1, "created_at": "2024-10-13T08:16:35.195Z"}}, {"model": "planetarium.reservation", "pk": 7, "fields": {"user": 1, "created_at": "2024-10-13T08:35:38.486Z"}}, {"model": "planetarium.reservation", "pk": 8, "fields": {"user": 1, "created_at": "2024-10-13T10:13:50.652Z"}}, {"model": "planetarium.reservation", "pk": 9, "fields": {"user": 1, "created_at": "2024-10-13T10:39:35.060Z"}}, {"model": "planetarium.reservation", "pk": 10, "fields": {"user": 1, "created_at": "2024-10-13T10:43:18.094Z"}}, {"model": "planetarium.ticket", "pk": 1, "fields": {"row": 1, "seat": 5, "show_session": 1, "reservation": 1}}, {"model": "planetarium.ticket", "pk": 2, "fields": {"row": 2, "seat": 10, "show_session": 2, "reservation": 2}}, {"model": "planetarium.ticket", "pk": 3, "fields": {"row": 3, "seat": 15, "show_session": 3, "reservation": 3}}, {"model": "planetarium.ticket", "pk": 4, "fields": {"row": 1, "seat": 1, "show_session": 4, "reservation": 4}}, {"model": "planetarium.ticket", "pk": 5, "fields": {"row": 2, "seat": 7, "show_session": 5, "reservation": 5}}, {"model": "planetarium.ticket", "pk": 6, "fields": {"row": 1, "seat": 1, "show_session": 1, "reservation": 6}}, {"model": "planetarium.ticket", "pk": 7, "fields": {"row": 4, "seat": 4, "show_session": 1, "reservation": 7}}, {"model": "planetarium.ticket", "pk": 8, "fields": {"row": 4, "seat": 5, "show_session": 1, "reservation": 7}}, {"model": "planetarium.ticket", "pk": 9, "fields": {"row": 5, "seat": 6, "show_session": 1, "reservation": 8}}, {"model": "planetarium.ticket", "pk": 10, "fields": {"row": 9, "seat": 9, "show_session": 4, "reservation": 9}}, {"model": "planetarium.ticket", "pk": 11, "fields": {"row": 8, "seat": 8, "show_session": 1, "reservation": 10}}, {"model": "user.user", "pk": 1, "fields": {"password": "pbkdf2_sha256$870000$LKJRNewSMlqFHl4rSRggni$pq/RiQb0deymGMLuPdJJg+wh8J9+IZAEP7oezLI1cUE=", "last_login": "2024-10-10T15:56:07.689Z", "is_superuser": true, "first_name": "Carl", "last_name": "Sagan", "is_staff": true, "is_active": true, "date_joined": "2024-10-10T14:07:09.368Z", "email": "admin@admin.com", "groups": [], "user_permissions": []}}, {"model": "user.user", "pk": 2, "fields": {"password": "pbkdf2_sha256$870000$XNdVbNeTaMG1YgFNq7NWPj$KTx0DGanA1MV7c+SAWxW6ohl3681rLljTTkM3SwfP5Y=", "last_login": null, "is_superuser": false, "first_name": "Neil deGrasse", "last_name": "Tyson", "is_staff": false, "is_active": true, "date_joined": "2024-10-10T15:56:48.206Z", "email": "user_1@test.com", "groups": [], "user_permissions": []}}, {"model": "user.user", "pk": 3, "fields": {"password": "pbkdf2_sha256$870000$N7kfQgSvuHKGmMeXucSnSe$Rcxe9iF7R0gnNz304LNc2vOxBjR9uZiDvHJFoTfRFFA=", "last_login": null, "is_superuser": false, "first_name": "Stephen", "last_name": "Hawking", "is_staff": false, "is_active": true, "date_joined": "2024-10-10T15:57:15.467Z", "email": "user_2@test.com", "groups": [], "user_permissions": []}}, {"model": "user.user", "pk": 4, "fields": {"password": "pbkdf2_sha256$870000$vNYRBVzFsGvF1vpxw1mxQc$JzxR2FkMD0F3ImiindvzRvU4+yRyLDFIUr4fLuxf7qE=", "last_login": null, "is_superuser": false, "first_name": "Richard", "last_name": "Dawkins", "is_staff": false, "is_active": true, "date_joined": "2024-10-10T15:57:38.520Z", "email": "user_3@test.com", "groups": [], "user_permissions": []}}, {"model": "user.user", "pk": 5, "fields": {"password": "pbkdf2_sha256$870000$938vbRzMEmMKWipUpaGfF5$K5VQu0yEsj7eNARXWHjRqJnu3R90L8ahKUcBohivGog=", "last_login": null, "is_superuser": false, "first_name": "Iosif", "last_name": "Shklovsky", "is_staff": false, "is_active": true, "date_joined": "2024-10-13T17:04:05.194Z", "email": "user_4@test.com", "groups": [], "user_permissions": []}}]